id,popularity,vote_count,genre_ids,title,vote_average,datetime
694919,2580.212,45,[28],Money Plane,5.4,2020-09-29
497582,1468.23,1253,"[12, 80, 18, 9648]",Enola Holmes,7.8,2020-09-23
539885,1200.463,379,"[28, 80, 18, 53]",Ava,6.0,2020-07-02
337401,1190.413,2125,"[28, 12, 18, 14]",Mulan,7.4,2020-09-04
724989,1150.673,110,"[28, 53]",Hard Kill,5.0,2020-08-25
718444,976.575,274,[28],Rogue,5.9,2020-08-20
438396,913.5239999999999,195,"[18, 53]",Unknown Origins,6.2,2020-08-28
734309,798.308,121,[28],Santana,5.7,2020-08-28
581392,775.069,532,"[28, 27, 53]",Peninsula,7.1,2020-07-15
605116,650.61,1351,"[28, 80, 878]",Project Power,6.6,2020-08-14
623634,541.164,35,[18],The Innocence,6.3,2020-01-10
726739,536.875,21,"[28, 35]",Cats & Dogs 3: Paws Unite,6.8,2020-10-02
721452,536.275,96,"[28, 53]",One Night in Bangkok,7.3,2020-08-25
606234,534.729,110,[878],Archive,5.7,2020-08-13
594328,506.291,87,"[16, 35, 10402, 878, 10751, 10770]",Phineas and Ferb The Movie: Candace Against the Universe,7.0,2020-08-28
720395,450.639,6,"[27, 53]",Let It Snow,5.3,2020-09-22
735110,432.077,14,"[28, 27, 9648, 53]",Dark Forces,5.1,2020-08-21
677638,404.077,416,"[12, 16, 35, 10751]",We Bare Bears: The Movie,7.8,2020-06-30
611395,397.092,116,"[28, 12, 14]",Double World,6.8,2020-07-21
722603,396.591,50,"[28, 27, 878]",Battlefield 2025,5.7,2020-07-07
412546,387.202,0,[27],Antrum,0.0,2020-10-23
547016,383.24199999999996,2079,"[28, 14]",The Old Guard,7.3,2020-07-10
627290,376.843,119,[27],Antebellum,6.0,2020-09-02
613504,376.537,387,"[18, 10749]",After We Collided,6.7,2020-09-02
601165,363.467,83,"[28, 53]",Legacy of Lies,5.8,2020-08-06
703134,356.76300000000003,36,"[80, 18, 53]",Infamous,5.5,2020-06-12
475430,354.496,840,"[28, 12, 14, 878, 10751]",Artemis Fowl,5.8,2020-06-12
385103,353.19,695,"[12, 16, 35, 10751]",Scoob!,7.3,2020-07-08
495764,331.801,5895,"[28, 35, 80]",Birds of Prey (and the Fantabulous Emancipation of One Harley Quinn),7.2,2020-02-05
603119,331.58,106,"[28, 80, 53]",The Silencing,6.9,2020-07-18
38700,330.191,5306,"[28, 80, 53]",Bad Boys for Life,7.3,2020-01-15
479259,328.077,19,"[18, 53]",Lost Girls & Love Hotels,5.7,2020-09-18
621870,327.727,77,"[28, 12, 35, 14]",Secret Society of Second Born Royals,7.6,2020-09-25
531499,325.16700000000003,141,"[28, 80, 18]",The Tax Collector,6.1,2020-08-07
601844,324.59,52,"[28, 27, 53]",Becky,5.0,2020-07-23
446893,317.45599999999996,1142,"[12, 16, 35, 14, 10402, 10751]",Trolls World Tour,7.6,2020-03-12
659986,314.655,66,"[28, 27, 53]",The Owners,5.9,2020-09-04
632618,314.139,108,"[80, 18, 53]",The Crimes That Bind,6.4,2020-08-20
516486,308.197,1201,"[28, 18, 10752]",Greyhound,7.5,2020-07-10
475557,297.25,14958,"[80, 18, 53]",Joker,8.2,2019-10-02
737802,297.10200000000003,73,"[35, 18, 10751]",Dad Wanted,7.7,2020-09-11
489326,293.497,164,"[28, 14, 53]",Mortal,6.6,2020-02-28
338762,287.33299999999997,3171,"[28, 878]",Bloodshot,6.9,2020-03-05
454626,283.275,5765,"[28, 35, 878, 10751]",Sonic the Hedgehog,7.5,2020-02-12
709621,276.869,3,"[28, 27, 53]",Tribal: Get Out Alive,3.0,2020-07-07
499932,264.605,797,"[80, 18, 53]",The Devil All the Time,7.4,2020-09-11
713825,260.967,6,"[28, 878]",Robot Riot,5.1,2020-06-12
508439,256.311,3180,"[12, 16, 35, 14, 10751]",Onward,7.9,2020-02-29
738215,252.62,53,"[16, 10402]",Barbie: Princess Adventure,7.7,2020-09-01
701175,252.40400000000002,190,"[18, 53]",The Paramedic,6.3,2020-09-16
664767,249.708,620,"[28, 12, 16, 14]",Mortal Kombat Legends: Scorpion's Revenge,8.4,2020-04-12
703771,243.916,156,"[28, 16]",Deathstroke: Knights & Dragons - The Movie,7.0,2020-08-04
671145,236.46200000000002,17,"[28, 878, 53]",Before the Fire,6.4,2020-03-14
545609,236.44299999999998,3102,"[28, 18, 53]",Extraction,7.4,2020-04-24
531876,235.52200000000002,361,"[28, 18, 36, 10752]",The Outpost,6.7,2020-06-24
592350,231.947,409,"[28, 16]",My Hero Academia: Heroes Rising,8.6,2019-12-20
330457,231.342,6140,"[12, 16, 35, 14, 10402, 10751]",Frozen II,7.3,2019-11-20
618354,223.546,173,"[28, 16, 878]",Superman: Man of Tomorrow,7.3,2020-08-23
680028,218.38099999999997,89,"[18, 53]",Centigrade,6.9,2020-08-28
743227,217.83,19,"[12, 14, 10751]",Wish Upon a Unicorn,7.2,2020-09-15
496243,214.229,9313,"[35, 18, 53]",Parasite,8.5,2019-05-30
666750,211.06099999999998,177,[14],Dragonheart: Vengeance,6.7,2020-02-04
508570,210.08,156,"[35, 18, 10751]",The One and Only Ivan,7.2,2020-08-21
512200,204.668,4739,"[12, 35, 14]",Jumanji: The Next Level,7.0,2019-12-04
514207,203.87099999999998,390,"[28, 18, 27, 878]",Invasion,7.1,2020-01-01
530915,202.122,6582,"[28, 18, 36, 10752]",1917,7.9,2019-12-25
299536,197.73,19793,"[28, 12, 878]",Avengers: Infinity War,8.3,2018-04-25
619592,195.058,122,"[28, 80, 18]",Force of Nature,5.4,2020-07-02
635048,194.18400000000003,1,"[9648, 53]",Persecuted,8.0,2020-09-10
718867,192.708,92,"[16, 10751]",The Larva Island Movie,7.6,2020-07-23
299534,191.274,15181,"[28, 12, 878]",Avengers: Endgame,8.3,2019-04-24
582218,190.614,28,"[28, 35, 80]",Psych 2: Lassie Come Home,7.4,2020-07-15
640882,189.627,74,[878],3022,5.9,2019-11-22
384018,187.61700000000002,4187,"[28, 12, 35]",Fast & Furious Presents: Hobbs & Shaw,6.9,2019-08-01
501979,184.016,204,"[12, 35, 878]",Bill & Ted Face the Music,6.4,2020-08-27
413518,179.02200000000002,693,"[12, 18, 14, 10751]",Pinocchio,6.8,2019-12-19
738542,178.81099999999998,20,[27],The Haunting of Margam Castle,6.0,2020-09-01
301528,178.67,6048,"[12, 16, 35, 14, 10751]",Toy Story 4,7.6,2019-06-19
577922,178.257,1861,"[28, 878, 53]",Tenet,7.5,2020-08-22
661677,174.653,37,[35],So Much Love to Give,6.9,2020-09-09
623491,172.97299999999998,393,"[35, 27]",The Babysitter: Killer Queen,6.8,2020-09-10
429617,170.75900000000001,8416,"[28, 12, 878]",Spider-Man: Far from Home,7.6,2019-06-28
581387,170.56099999999998,113,"[28, 12, 53]",Ashfall,7.0,2019-12-19
583083,169.738,3436,"[35, 10749]",The Kissing Booth 2,8.1,2020-07-24
565840,166.622,51,"[28, 878]",The Immortal Wars: Resurgence,6.0,2019-12-13
420818,165.40099999999998,6846,"[12, 10402, 10751]",The Lion King,7.2,2019-07-12
582306,164.69,11,[878],Assassin 33 A.D.,5.8,2020-01-24
616803,160.423,126,"[28, 18, 53]",Breaking Surface,7.3,2020-02-14
458156,160.30100000000002,5743,"[28, 80, 53]",John Wick: Chapter 3 - Parabellum,7.4,2019-05-15
703745,160.118,258,"[28, 27, 878]",Deep Blue Sea 3,6.2,2020-07-28
354912,158.68,12218,"[12, 16, 35, 14, 10751]",Coco,8.2,2017-10-27
631132,156.966,72,"[28, 12, 16, 14, 53]",Goblin Slayer: Goblin's Crown,8.1,2020-02-01
290859,153.096,2837,"[28, 12, 878]",Terminator: Dark Fate,6.5,2019-10-23
594084,152.333,15,[35],Guest House,5.7,2020-09-04
673595,151.32,235,"[16, 35, 10751]",Playdate with Destiny,7.6,2020-02-29
702936,151.289,26,[28],Sniper: Assassin's End,5.8,2020-06-15
340102,150.786,308,"[28, 12, 27, 878]",The New Mutants,5.8,2020-08-26
655431,149.66899999999998,11,"[28, 80, 878]",Psycho-Pass 3 Movie: First Inspector,7.1,2020-03-27
621013,149.215,420,"[18, 10749]",Chemical Hearts,7.6,2020-08-21
614696,148.651,485,"[28, 27, 53]",#Alive,7.4,2020-06-24
274855,148.523,3092,"[28, 878, 53]",Geostorm,6.0,2017-10-13
594530,148.056,96,"[16, 35, 10751]",Lamp Life,7.3,2020-01-31
468816,147.925,37,"[28, 18, 36]",The Rising Hawk,6.1,2019-10-10
317442,147.312,707,"[28, 16, 10749]",The Last: Naruto the Movie,7.8,2014-12-06
537915,146.096,4943,"[18, 10749]",After,7.1,2019-04-11
474350,145.918,4829,"[27, 14]",It Chapter Two,6.9,2019-09-04
526973,142.511,19,"[80, 53]",Target Number One,6.1,2020-07-10
509967,141.734,2541,"[28, 53]",6 Underground,6.3,2019-12-13
347201,140.726,573,"[28, 16, 35]",Boruto: Naruto the Movie,7.8,2015-08-07
679796,140.237,11,"[28, 10752]",Enemy Lines,6.2,2020-04-24
420809,139.655,3650,"[12, 14, 10751]",Maleficent: Mistress of Evil,7.3,2019-10-16
667520,139.496,482,"[16, 18, 14, 10749]",A Whisker Away,8.1,2020-06-18
181812,139.114,5698,"[28, 12, 878]",Star Wars: The Rise of Skywalker,6.6,2019-12-18
721138,138.829,4,[28],Invincible,5.8,2020-07-02
420817,136.89600000000002,6956,"[12, 14, 10749, 10751]",Aladdin,7.1,2019-05-22
631939,135.22299999999998,19,"[28, 12, 36]",Legionnaire's Trail,5.5,2020-05-08
532067,134.145,162,"[12, 16, 35, 14]",KonoSuba: God's Blessing on this Wonderful World! Legend of Crimson,8.6,2019-08-30
703155,134.13299999999998,42,[18],El encanto,6.4,2020-07-30
404368,134.012,4942,"[12, 16, 35, 10751]",Ralph Breaks the Internet,7.2,2018-11-20
448119,133.998,2077,"[12, 35, 14, 10751]",Dolittle,6.9,2020-01-01
399579,130.178,5723,"[28, 12, 878]",Alita: Battle Angel,7.1,2019-01-31
610201,130.144,20,"[27, 37]",The Pale Door,5.5,2020-08-21
481848,129.811,1856,"[12, 18, 10751]",The Call of the Wild,7.5,2020-02-19
443791,129.701,1585,"[28, 27, 878, 53]",Underwater,6.4,2020-01-08
687149,129.144,18,"[878, 53]",Toxic,7.4,2020-04-23
568160,129.003,611,"[12, 16, 18, 14, 10749]",Weathering with You,8.1,2019-07-19
453405,128.49,2921,"[28, 18, 878, 53]",Gemini Man,6.4,2019-10-02
284054,128.135,16069,"[28, 12, 14, 878]",Black Panther,7.4,2018-02-13
586334,127.38,5,[878],Sanctuary Population One,4.8,2019-12-27
333339,127.307,10167,"[12, 878]",Ready Player One,7.6,2018-03-28
447404,123.919,4272,"[28, 12, 14]",Pokémon Detective Pikachu,7.0,2019-05-03
689249,123.65899999999999,427,[99],Money Heist: The Phenomenon,7.7,2020-04-03
554022,122.831,34,"[28, 12, 18, 10752]",Torpedo: U-235,6.5,2019-10-23
412117,122.65100000000001,1785,"[12, 16, 35, 10751]",The Secret Life of Pets 2,7.0,2019-05-24
431693,122.075,1646,"[28, 12, 16, 35]",Spies in Disguise,7.8,2019-12-04
400160,120.551,28,"[12, 16, 35, 14, 10751]",The SpongeBob Movie: Sponge on the Run,6.6,2020-08-14
454640,120.19200000000001,852,"[12, 16, 35, 10751]",The Angry Birds Movie 2,7.1,2019-08-02
529203,119.698,0,"[12, 16, 14, 10751]",The Croods: A New Age,0.0,2020-11-25
299537,117.705,10134,"[28, 12, 878]",Captain Marvel,7.0,2019-03-06
581600,116.96,1221,"[28, 35, 53]",Spenser Confidential,6.6,2020-03-06
338967,116.58,2929,"[28, 35, 27]",Zombieland: Double Tap,7.0,2019-10-09
592834,116.522,554,"[28, 35, 10751]",My Spy,7.1,2020-01-09
320288,116.26700000000001,3955,"[28, 12, 878]",Dark Phoenix,6.1,2019-06-05
675490,116.193,38,"[27, 53]",The Unfamiliar,6.2,2020-08-21
726664,115.602,57,"[16, 35]",Fearless,6.6,2020-08-14
559937,115.07600000000001,9,"[28, 80, 18]",S.W.A.T.,6.4,2019-12-29
647265,114.96700000000001,25,[35],The Binge,6.0,2020-08-28
546724,114.822,23,"[27, 53]",We Summon the Darkness,6.2,2020-09-17
339095,114.696,444,"[28, 80, 53]",The Last Days of American Crime,6.6,2020-06-05
691812,114.27799999999999,39,[53],Blood and Money,5.0,2020-05-15
597398,113.838,14,"[12, 16, 14]",Away,6.9,2019-11-15
461130,113.348,913,"[28, 80, 18, 878, 53]",Code 8,6.2,2019-12-06
644090,112.95200000000001,259,"[35, 10749]","Love, Guaranteed",6.6,2020-09-02
324857,112.76899999999999,8033,"[28, 12, 16, 35, 878]",Spider-Man: Into the Spider-Verse,8.4,2018-12-06
575094,112.73200000000001,111,"[12, 14]",Abigail,5.8,2019-08-22
706503,112.215,374,"[28, 80, 53]",Lost Bullet,6.7,2020-06-19
618344,110.445,766,"[28, 12, 16, 14, 878]",Justice League Dark: Apokolips War,8.4,2020-05-05
737799,109.33,2,[18],Maquis,4.5,2020-08-28
550412,109.039,7,[27],The Legend of Halloween Jack,6.4,2020-07-21
373571,108.579,2973,"[28, 878]",Godzilla: King of the Monsters,6.4,2019-05-29
700995,108.275,2,"[28, 878, 53]","Devoto, la invasión silenciosa",4.0,2020-05-07
351286,107.809,8135,"[28, 12, 878]",Jurassic World: Fallen Kingdom,6.6,2018-06-06
303857,107.68299999999999,963,"[28, 16, 878]",Dragon Ball Z: Resurrection 'F',6.9,2015-04-18
287947,107.302,5595,"[28, 35, 14]",Shazam!,7.0,2019-03-29
458897,106.603,1591,"[28, 12, 35]",Charlie's Angels,6.7,2019-11-14
49519,105.404,4840,"[28, 12, 16, 35, 14, 10751]",The Croods,6.8,2013-03-20
372058,105.069,6392,"[16, 18, 10749]",Your Name.,8.6,2016-08-26
611914,105.01,270,"[28, 80, 18, 53]",The Courier,6.6,2019-11-22
723072,104.699,180,[27],Host,6.9,2020-07-30
736509,103.65,4,"[27, 878, 53]",Intersect,4.3,2020-02-12
428045,103.53399999999999,156,"[12, 14]",Journey to China: The Mystery of Iron Mask,6.3,2019-08-16
699046,103.369,9,"[28, 80, 9648, 53]",A Perfect Plan,5.1,2020-05-01
627879,103.226,82,"[28, 10752]",Rogue Warfare,5.7,2019-10-04
500840,103.012,519,"[18, 53]",I'm Thinking of Ending Things,6.6,2020-08-28
634524,102.88799999999999,51,[37],Badland,6.5,2019-11-01
335983,101.99,9569,"[28, 878]",Venom,6.7,2018-09-28
572154,101.37,161,"[16, 35, 10749, 18, 14]",Rascal Does Not Dream of a Dreaming Girl,8.5,2019-06-15
166428,100.779,3938,"[12, 16, 10751]",How to Train Your Dragon: The Hidden World,7.8,2019-01-03
500916,99.49,132,[28],Primal,6.3,2019-12-27
662334,99.023,27,[10752],Chaco,7.1,2020-01-28
260513,98.72200000000001,9143,"[28, 12, 16, 10751]",Incredibles 2,7.6,2018-06-14
522938,98.647,2164,"[28, 18, 53]",Rambo: Last Blood,6.3,2019-09-19
198663,98.04899999999999,12563,"[28, 9648, 878, 53]",The Maze Runner,7.1,2014-09-10
561974,97.946,76,"[12, 16]",Dino King: Journey to Fire Mountain,7.8,2019-12-25
501953,97.837,18,"[35, 18]",Eternal Beauty,5.7,2020-08-21
578189,97.815,378,"[28, 53]",Black and Blue,6.7,2019-10-25
531299,97.697,46,[53],Kill Chain,6.0,2020-02-20
612706,96.324,654,"[35, 10402]",Work It,7.8,2020-08-07
614208,95.802,7,"[28, 27, 878]",Stairs,4.7,2020-02-14
565743,95.50200000000001,333,"[18, 9648, 878]",The Vast of Night,6.4,2020-05-15
402900,95.387,5562,"[28, 35, 80, 53]",Ocean's Eight,7.0,2018-06-07
489245,95.314,217,"[28, 18, 53]",The Kill Team,6.7,2019-10-17
663459,95.29299999999999,68,[16],Jungle Beat: The Movie,7.3,2020-06-26
652722,94.55799999999999,187,"[53, 10749]",In the Arms of an Assassin,8.2,2019-12-06
345940,94.40299999999999,4472,"[28, 27, 878]",The Meg,6.1,2018-08-09
505225,94.209,256,"[18, 53]",The Last Thing He Wanted,5.0,2020-02-14
315635,93.71799999999999,14932,"[28, 12, 18, 878]",Spider-Man: Homecoming,7.4,2017-07-05
547017,92.647,7,"[18, 53]",Shirley,6.7,2020-09-11
737173,92.215,5,[],Maratón After,7.0,2020-09-03
499701,90.947,1033,"[12, 35, 10751]",Dora and the Lost City of Gold,6.8,2019-08-08
431580,90.876,1189,"[12, 16, 35, 10751]",Abominable,7.6,2019-09-19
653615,90.635,49,[27],Amulet,5.7,2020-07-24
122917,89.881,10255,"[28, 12, 14]",The Hobbit: The Battle of the Five Armies,7.3,2014-12-10
284053,89.816,14670,"[28, 12, 35, 14]",Thor: Ragnarok,7.6,2017-10-25
539140,89.51,8,"[16, 878]",Cencoroll Connect,7.0,2019-06-29
281338,89.51,6306,"[18, 878, 10752]",War for the Planet of the Apes,7.1,2017-07-11
260514,89.484,3569,"[12, 16, 35, 10751]",Cars 3,6.8,2017-06-15
466622,89.387,240,"[28, 53]",The Rhythm Section,5.6,2020-01-31
698410,89.251,14,"[12, 14, 10751]",Adventures of Rufus: The Fantastic Pet,5.7,2020-05-26
481084,89.054,1119,"[16, 35, 14, 10751]",The Addams Family,6.5,2019-10-10
653598,88.505,33,"[35, 27, 53]",Spree,6.1,2020-08-14
522444,88.15,78,"[12, 27, 53]",Black Water: Abyss,5.5,2020-07-09
359724,87.944,3450,"[18, 36]",Ford v Ferrari,7.9,2019-11-13
360920,87.494,2086,"[16, 35, 14, 10751]",The Grinch,6.7,2018-11-08
560192,87.41799999999999,79,"[28, 53]",Grand Isle,6.2,2019-12-06
552095,87.321,365,"[28, 12, 16, 10751]",PAW Patrol: Mighty Pups,7.5,2019-05-17
659067,87.291,198,"[28, 53]",Earth and Blood,6.4,2020-04-17
324786,87.074,8659,"[18, 36, 10752]",Hacksaw Ridge,8.1,2016-10-07
423204,86.712,1980,"[28, 53]",Angel Has Fallen,6.4,2019-08-21
659991,86.463,56,"[35, 18]",Made in Italy,6.0,2020-08-06
484664,86.428,19,[28],Marlene,6.2,2020-01-22
135397,86.391,16043,"[28, 12, 878, 53]",Jurassic World,6.6,2015-06-06
385687,86.054,0,"[28, 53]",Fast & Furious 10,0.0,2022-04-02
141052,86.03200000000001,9642,"[28, 12, 14, 878]",Justice League,6.2,2017-11-15
106646,85.961,16069,"[80, 18, 35]",The Wolf of Wall Street,8.0,2013-12-25
617708,85.941,74,"[18, 27, 53]",La llorona,6.1,2020-01-22
366170,85.866,145,"[12, 16]",Yu-Gi-Oh!: The Dark Side of Dimensions,7.0,2016-04-23
582885,85.785,140,[18],Cuties,4.9,2020-08-19
520901,85.516,199,"[28, 27, 9648, 878]",Doom: Annihilation,4.8,2019-09-30
417466,83.66799999999999,167,"[18, 53]",Monos,6.9,2019-09-05
383498,82.65100000000001,12135,"[28, 12, 35]",Deadpool 2,7.5,2018-05-10
449924,82.617,1078,"[28, 18, 36]",Ip Man 4: The Finale,7.2,2019-12-19
560204,82.462,102,"[80, 18, 53]",Arkansas,5.5,2020-05-05
466550,82.427,26,"[28, 53]",Drive,5.8,2019-11-01
177572,82.413,12110,"[28, 12, 16, 35, 10751]",Big Hero 6,7.8,2014-10-24
480530,82.285,3327,[18],Creed II,6.9,2018-11-21
505262,81.544,435,"[28, 12, 16, 35, 14]",My Hero Academia: Two Heroes,8.0,2018-08-03
284052,81.488,15787,"[28, 12, 14, 878]",Doctor Strange,7.4,2016-10-25
297802,81.45,9344,"[28, 12, 14]",Aquaman,6.9,2018-12-07
613200,81.404,4,"[28, 12, 16, 14]",The King’s Avatar: For The Glory,8.5,2019-08-16
529149,81.25399999999999,15,"[27, 9648]",Darlin',4.4,2020-07-10
587792,80.818,536,"[35, 14, 9648, 10749]",Palm Springs,7.6,2020-07-10
382748,80.035,328,"[35, 18, 10749]",Stargirl,7.8,2020-03-10
579583,79.971,142,"[35, 18]",The King of Staten Island,6.8,2020-07-22
657561,79.882,6,"[28, 12, 16, 10751]",The Wishmas Tree,5.1,2020-02-27
661747,79.777,95,[35],Seriously Single,7.2,2020-07-31
396535,78.85300000000001,4044,"[28, 27, 53]",Train to Busan,7.7,2016-07-20
718100,78.736,16,"[16, 14, 10751]",The Swan Princess: A Royal Wedding,7.4,2020-07-20
656690,78.563,344,"[99, 18]",The Social Dilemma,7.9,2020-01-26
516052,78.482,5,[],The Legend of the Galactic Heroes: Die Neue These Seiran 1,8.0,2019-09-27
539537,78.324,1187,"[12, 14, 27, 9648]",Fantasy Island,6.2,2020-02-12
638134,78.279,53,"[12, 16, 35, 10751]",Pets United,6.1,2019-11-08
522627,77.94800000000001,1932,"[28, 35, 80]",The Gentlemen,7.7,2020-01-01
449443,77.899,1813,"[28, 53, 80]",Den of Thieves,6.6,2018-01-18
157336,77.88,23817,"[12, 18, 878]",Interstellar,8.3,2014-11-05
615466,77.86,80,[18],All Together Now,6.9,2020-08-28
511987,77.528,1766,"[18, 27, 53]",Crawl,6.3,2019-07-11
658777,77.268,117,"[18, 14]",Freaks – You're One of Us,5.5,2020-09-02
99861,77.031,16586,"[28, 12, 878]",Avengers: Age of Ultron,7.3,2015-04-22
479455,76.667,2888,"[35, 878]",Men in Black: International,6.0,2019-06-12
550231,76.542,92,"[18, 10749]",The Secret: Dare to Dream,8.1,2020-04-16
522518,76.434,683,"[12, 18, 10751]",A Dog's Journey,8.1,2019-05-03
346910,76.342,3019,"[28, 12, 35, 27, 878, 53]",The Predator,5.5,2018-09-05
425001,76.14,59,"[35, 18, 10751]",The War with Grandpa,6.1,2020-01-31
524047,76.09100000000001,99,"[28, 53]",Greenland,6.0,2020-07-29
608195,75.493,115,"[14, 27, 53, 10752]",Ghosts of War,6.2,2020-07-03
216015,75.47800000000001,8665,"[18, 53, 10749]",Fifty Shades of Grey,5.8,2015-02-11
641790,75.31,226,"[28, 53]",Trauma Center,5.8,2019-12-06
324552,75.0,8293,"[28, 80, 53]",John Wick: Chapter 2,7.2,2017-02-08
560044,74.933,510,"[16, 35, 10751]",The Willoughbys,7.2,2020-04-22
695568,74.916,9,[18],Finding Grace,6.1,2020-04-21
595172,74.801,23,"[12, 16]",The Pilgrim's Progress,7.4,2019-04-18
559957,74.442,34,"[878, 10752]",Shanghai Fortress,4.8,2019-08-09
704264,74.309,82,"[28, 12, 16]",Primal: Tales of Savagery,8.2,2019-11-21
521029,74.241,1961,"[27, 9648, 53]",Annabelle Comes Home,6.4,2019-06-26
297762,73.96300000000001,15265,"[28, 12, 14]",Wonder Woman,7.3,2017-05-30
214756,73.797,5156,[35],Ted 2,6.2,2015-06-25
400155,73.718,2629,"[16, 35, 14, 10751]",Hotel Transylvania 3: Summer Vacation,6.9,2018-06-28
283366,73.705,7335,"[12, 18, 14, 10751]",Miss Peregrine's Home for Peculiar Children,6.7,2016-09-28
535292,73.683,916,"[28, 80, 18]",21 Bridges,6.8,2019-10-24
271110,73.65,16868,"[28, 12, 878]",Captain America: Civil War,7.4,2016-04-27
584044,73.631,11,"[18, 14, 36]",The Viking War,4.8,2019-10-15
506574,73.581,894,"[12, 14, 10402, 10751, 10770]",Descendants 3,7.9,2019-08-09
550440,73.418,91,"[35, 14, 9648, 10751]",Timmy Failure: Mistakes Were Made,6.2,2020-01-25
695596,73.40100000000001,46,"[28, 35]",Malibu Rescue: The Next Wave,6.8,2020-08-04
597156,73.01100000000001,9,[18],The Boys in the Band,7.4,2020-09-30
484641,72.947,1312,"[28, 53]",Anna,6.7,2019-06-19
664168,72.733,8,"[35, 27]",Fat Ass Zombies,5.1,2020-02-18
268896,72.66199999999999,3261,"[28, 12, 14, 878]",Pacific Rim: Uprising,6.1,2018-03-21
618355,72.358,462,"[28, 16, 878]",Superman: Red Son,7.4,2020-02-24
348893,72.34,751,"[28, 18]",Boyka: Undisputed IV,6.7,2016-08-01
424783,71.844,3971,"[28, 12, 878]",Bumblebee,6.6,2018-12-15
576393,71.667,50,"[10749, 35]",Fall in Love at First Kiss,6.4,2019-02-14
726940,71.58,18,"[16, 10751]",Octonauts and the Caves of Sac Actun,6.5,2020-08-14
559969,71.485,2784,"[28, 80, 18, 53]",El Camino: A Breaking Bad Movie,6.9,2019-10-11
486589,71.332,425,"[16, 10749, 10751]",Red Shoes and the Seven Dwarfs,7.3,2019-07-25
567006,71.295,22,"[16, 28, 14, 12]",Kabaneri of the Iron Fortress: The Battle of Unato,7.2,2019-05-10
263115,71.14699999999999,14817,"[28, 18, 878]",Logan,7.8,2017-02-28
626393,70.90899999999999,156,"[28, 10751]",The Sleepover,6.7,2020-08-21
599521,70.734,262,"[10402, 10749, 10770]",Z-O-M-B-I-E-S 2,8.4,2020-02-14
337339,70.368,7645,"[28, 80, 53]",The Fate of the Furious,6.9,2017-04-12
697064,70.252,0,[28],Beckman,0.0,2020-09-10
570503,70.206,95,"[18, 10749]",Tune in for Love,8.0,2019-08-28
574982,69.822,126,"[28, 878, 53]",The Blackout,6.4,2019-11-21
551238,69.699,34,"[28, 12, 27]",D-Railed,4.6,2018-12-01
520725,69.52,164,"[12, 35, 14]",The Lost Prince,5.8,2020-02-12
743601,69.513,6,"[99, 9648]",American Murder: The Family Next Door,6.8,2020-09-30
723895,69.42699999999999,23,"[16, 10751]",Dragons: Rescue Riders: Secrets of the Songwing,7.6,2020-07-24
188161,69.108,2784,"[35, 37]",A Million Ways to Die in the West,5.9,2014-05-22
610461,68.971,257,[35],"Veinteañera, divorciada y fantástica",8.2,2020-02-14
363088,68.971,8918,"[28, 12, 35, 878]",Ant-Man and the Wasp,7.0,2018-07-04
560704,68.87,40,"[878, 53]",Beyond White Space,4.0,2018-12-14
442249,68.577,2584,"[28, 878, 53, 27]",The First Purge,5.9,2018-07-04
140300,68.266,3764,"[28, 12, 16, 35, 10751]",Kung Fu Panda 3,6.8,2016-01-23
513045,68.158,769,"[28, 35, 80, 53]",Stuber,6.9,2019-07-11
609242,68.06,409,"[35, 80, 18, 53]",The Heist of the Century,8.0,2020-01-16
427641,68.036,4676,"[28, 12, 878]",Rampage,6.4,2018-04-12
606856,67.73899999999999,876,"[12, 18, 36, 10751]",Togo,8.2,2019-12-19
520763,67.706,0,"[18, 878, 53]",A Quiet Place Part II,0.0,2021-04-21
440249,67.65899999999999,118,[99],After Porn Ends 2,5.1,2017-03-28
419704,67.316,4229,"[18, 878]",Ad Astra,6.1,2019-09-17
552687,67.165,18,"[35, 10749]",Wotakoi: Love is Hard for Otaku,6.6,2020-02-07
293660,67.008,23631,"[28, 12, 35]",Deadpool,7.6,2016-02-09
512895,66.973,807,"[35, 10749, 10751]",Lady and the Tramp,7.3,2019-11-12
246655,66.653,9842,"[28, 12, 14, 878]",X-Men: Apocalypse,6.5,2016-05-18
514847,66.598,1396,"[28, 53, 27]",The Hunt,6.6,2020-03-11
599845,66.363,246,"[28, 80]",The Immortal,7.0,2019-12-05
131631,66.285,11931,"[12, 878, 53]",The Hunger Games: Mockingjay - Part 1,6.8,2014-11-19
555974,66.12100000000001,575,"[27, 9648, 53]",Brahms: The Boy II,6.3,2020-02-20
509853,65.706,108,"[80, 53]",The Fanatic,4.2,2019-08-30
674942,65.525,8,"[12, 16, 35, 14, 10751]",Homeward,3.9,2020-02-25
639247,65.52,31,"[27, 53]",Dreamkatcher,6.2,2020-06-24
571785,65.156,137,"[28, 18, 53]",Time to Hunt,7.2,2020-02-22
428078,64.956,2961,"[12, 14]",Mortal Engines,6.1,2018-11-27
648337,64.928,27,"[10402, 10751]",Go! The Unforgettable Party,7.5,2019-11-15
335797,64.86,5551,"[16, 35, 18, 10402, 10751]",Sing,7.0,2016-11-23
270946,64.855,2903,"[12, 16, 35, 10751]",Penguins of Madagascar,6.5,2014-11-22
209112,64.821,13876,"[28, 12, 14]",Batman v Superman: Dawn of Justice,5.9,2016-03-23
109445,64.64399999999999,12381,"[12, 16, 10751]",Frozen,7.3,2013-11-27
570670,64.35300000000001,2860,"[27, 878, 53]",The Invisible Man,7.2,2020-02-26
585244,64.35,626,"[18, 10402]",I Still Believe,7.8,2020-03-12
537061,64.309,468,"[28, 12, 16, 35, 18, 14, 10402, 10751]",Steven Universe: The Movie,8.4,2019-09-02
708336,64.16199999999999,91,[27],Return of the Tooth Fairy,6.0,2020-05-05
399363,64.065,38,"[12, 14, 10751]",Wendy,6.3,2020-02-28
283995,64.035,15465,"[28, 12, 35, 878]",Guardians of the Galaxy Vol. 2,7.6,2017-04-19
439079,63.99100000000001,4166,"[27, 9648, 53]",The Nun,5.8,2018-09-05
456740,63.783,2039,"[28, 12, 14, 878]",Hellboy,5.4,2019-04-10
615982,63.623999999999995,4,[27],Sijjin 6,6.0,2019-12-01
575813,63.574,37,[18],Better Days,8.1,2019-10-25
458305,63.506,640,"[27, 878, 53]",Vivarium,6.0,2019-09-07
87101,63.229,6302,"[878, 28, 53, 12]",Terminator Genisys,5.9,2015-06-23
570508,63.11600000000001,26,[18],Innocent Witness,8.0,2019-02-13
181808,62.976000000000006,11082,"[28, 12, 878]",Star Wars: The Last Jedi,6.9,2017-12-13
736690,62.821999999999996,3,"[18, 10751]",The Deep End,6.7,2020-08-25
433422,62.785,306,"[28, 12, 35, 14, 16]",Fairy Tail: Dragon Cry,6.5,2017-05-06
336843,62.747,5125,"[28, 878]",Maze Runner: The Death Cure,7.1,2018-01-10
741067,62.618,6,"[28, 18, 53]",Welcome to Sudden Death,7.5,2020-09-29
343668,62.441,7043,"[28, 12, 35]",Kingsman: The Golden Circle,7.0,2017-09-20
637157,62.36600000000001,111,"[35, 10751]",The Main Event,7.0,2020-04-10
447332,62.288000000000004,8749,"[18, 27, 878]",A Quiet Place,7.3,2018-04-03
342470,62.271,1664,"[18, 10749]",All the Bright Places,7.7,2020-02-28
262500,62.15,7940,"[28, 12, 878, 53]",Insurgent,6.4,2015-03-18
501170,61.876000000000005,2157,"[18, 14, 27, 53]",Doctor Sleep,7.1,2019-10-30
500922,61.755,271,"[28, 18, 53]",A Score to Settle,6.3,2019-08-01
168259,61.75,7819,"[28, 53]",Furious 7,7.3,2015-04-01
321612,61.626000000000005,12825,"[14, 10749, 10751]",Beauty and the Beast,7.0,2017-03-16
480042,61.535,439,"[28, 53]",Escape Plan: The Extractors,5.1,2019-06-20
571891,61.41,251,"[28, 12, 16, 14, 10751]",Pokémon: Mewtwo Strikes Back - Evolution,6.8,2019-07-12
649401,61.325,4,[53],Infidel,4.0,2020-09-18
508664,61.231,92,"[28, 18, 36, 10752]",Danger Close,6.4,2019-08-08
378236,61.20399999999999,2106,"[16, 35, 10751]",The Emoji Movie,5.6,2017-07-23
725239,60.993,22,[99],The Swamp,6.6,2020-08-04
335984,60.736999999999995,8740,"[878, 18]",Blade Runner 2049,7.5,2017-10-04
68721,60.573,16683,"[28, 12, 878]",Iron Man 3,6.9,2013-04-18
513584,60.483000000000004,25,"[35, 18, 10751]",Think Like a Dog,6.3,2020-08-06
378064,60.43899999999999,1887,"[16, 18, 10749]",A Silent Voice,8.3,2016-09-17
524251,60.438,236,"[27, 9648, 53]",I See You,6.6,2019-09-11
591237,60.403,62,"[28, 35]",Bulletproof 2,7.3,2020-01-07
504631,60.373999999999995,190,"[14, 27, 9648, 53]",Mermaid Down,6.9,2019-10-15
207703,60.29600000000001,12244,"[28, 12, 35, 80]",Kingsman: The Secret Service,7.6,2014-12-13
557940,60.215,249,[35],My Boyfriend's Meds,7.2,2020-02-14
329996,60.202,3147,"[12, 14, 10751]",Dumbo,6.7,2019-03-27
126889,59.868,5964,"[27, 878]",Alien: Covenant,6.0,2017-05-09
450465,59.853,5565,"[18, 878, 53]",Glass,6.6,2019-01-16
68726,59.853,9011,"[28, 12, 878]",Pacific Rim,6.8,2013-07-11
338952,59.727,7271,"[12, 18, 14]",Fantastic Beasts: The Crimes of Grindelwald,6.9,2018-11-14
333484,59.637,4299,"[28, 12, 37]",The Magnificent Seven,6.3,2016-09-14
440471,59.575,896,[28],Escape Plan 2: Hades,5.0,2018-06-05
503314,59.533,1602,"[28, 16, 878]",Dragon Ball Super: Broly,7.7,2018-12-14
429471,59.398999999999994,599,[878],Captive State,5.6,2019-03-15
476292,59.361000000000004,155,"[16, 18, 14]",Maquia: When the Promised Flower Blooms,7.2,2018-02-24
726887,58.934,20,[99],Rising Phoenix,8.4,2020-08-26
646150,58.934,28,[28],Acceleration,6.0,2019-11-08
353081,58.808,5346,"[28, 12]",Mission: Impossible - Fallout,7.4,2018-07-13
348350,58.763999999999996,5655,"[12, 878]",Solo: A Star Wars Story,6.6,2018-05-15
556901,58.744,261,"[28, 16]",Teen Titans Go! vs. Teen Titans,7.9,2019-07-21
571627,58.515,82,"[28, 27]",The Divine Fury,4.9,2019-07-31
726682,58.51,0,[16],Miraculous World: New York – United HeroeZ,0.0,2020-09-25
662687,58.38399999999999,17,[53],Furtive,6.6,2020-08-06
316727,58.383,3648,"[28, 27, 53]",The Purge: Election Year,6.4,2016-06-29
298618,58.265,0,"[28, 12, 14, 878]",The Flash,0.0,2022-06-01
445651,58.166000000000004,1847,"[28, 18, 27, 878]",The Darkest Minds,7.0,2018-07-25
553839,58.141999999999996,64,"[28, 16, 14, 10752]",Saga of Tanya the Evil: The Movie,8.1,2019-02-08
433945,58.085,208,"[28, 18, 27, 53]",Tokyo Ghoul,7.1,2017-07-16
337167,57.961999999999996,5499,"[18, 10749]",Fifty Shades Freed,6.6,2018-01-17
514439,57.872,550,[18],Breakthrough,7.5,2019-04-10
98566,57.486000000000004,5122,"[28, 12, 35, 878]",Teenage Mutant Ninja Turtles,5.9,2014-08-07
681711,57.44,21,[27],The Haunting of Alcatraz,6.4,2020-03-09
424694,57.413000000000004,11978,"[18, 10402]",Bohemian Rhapsody,8.0,2018-10-24
462883,57.178000000000004,446,"[16, 35, 10751]",Woody Woodpecker,6.7,2017-10-05
346709,57.001000000000005,71,"[28, 80, 53]",Line of Duty,5.5,2019-12-25
550738,56.769,135,"[28, 12, 16, 35, 10751]",Spycies,8.0,2020-01-11
364689,56.736999999999995,1947,"[12, 16, 35, 10751]",Ferdinand,7.2,2017-12-09
605804,56.446000000000005,201,[27],The Wretched,6.3,2020-03-09
617786,56.441,70,"[18, 27, 53]",The Other Lamb,6.4,2020-04-03
339403,56.391000000000005,10807,"[28, 80]",Baby Driver,7.5,2017-06-28
150540,56.257,15483,"[18, 35, 16, 10751]",Inside Out,7.9,2015-06-09
259316,56.153999999999996,14502,"[12, 14]",Fantastic Beasts and Where to Find Them,7.4,2016-11-16
632316,55.961000000000006,8,[],Dragon Ball Super: Origin of the Saiyans,8.0,2018-10-17
72190,55.93899999999999,11239,"[28, 18, 27, 878, 53]",World War Z,6.8,2013-06-20
619264,55.933,3768,"[18, 878, 53]",The Platform,7.0,2019-11-08
623926,55.775,79,[35],The Wedding Unplanner,7.0,2020-02-14
567608,55.772,45,[53],Last Moment of Clarity,5.5,2020-05-19
546554,55.766999999999996,5626,"[35, 80, 18, 9648, 53]",Knives Out,7.9,2019-11-27
565426,55.761,1452,"[35, 10749]",To All the Boys: P.S. I Still Love You,6.8,2020-02-12
293167,55.703,7468,"[28, 12, 14]",Kong: Skull Island,6.4,2017-03-08
573699,55.562,142,"[16, 14, 10749]",White Snake,7.7,2019-01-11
339964,55.244,5297,"[28, 12, 878]",Valerian and the City of a Thousand Planets,6.6,2017-07-20
570269,55.215,8,"[28, 16, 35, 14]",Trinity Seven 2: Heavens Library & Crimson Lord,6.7,2019-03-29
538831,55.166000000000004,3,"[28, 80, 18, 53]",Unbound,4.0,2020-02-03
625568,55.037,145,"[28, 53]",Unhinged,6.1,2020-07-02
690369,54.802,69,"[28, 12, 16, 35, 878, 10751]",LEGO DC: Shazam! Magic and Monsters,8.0,2020-04-28
500852,54.792,267,[28],Miss Bala,6.4,2019-02-01
537055,54.563,227,"[28, 16, 14]",Wonder Woman: Bloodlines,7.1,2019-10-04
136799,54.465,2599,"[12, 16, 35, 14, 10402, 10751]",Trolls,6.7,2016-10-13
526019,54.443999999999996,350,[35],Like a Boss,6.6,2020-01-09
294254,54.433,7521,"[28, 878, 53]",Maze Runner: The Scorch Trials,6.7,2015-09-09
353486,54.016999999999996,9797,"[28, 12, 35, 14]",Jumanji: Welcome to the Jungle,6.8,2017-12-09
465086,53.788000000000004,666,"[27, 9648]",The Grudge,5.7,2020-01-02
454983,53.506,5437,"[35, 10749]",The Kissing Booth,7.3,2018-05-11
398818,53.403,7935,"[10749, 18]",Call Me by Your Name,8.3,2017-09-01
480414,53.104,1371,"[27, 9648, 53]",The Curse of La Llorona,5.7,2019-04-17
278154,53.075,3134,"[12, 16, 35, 10751]",Ice Age: Collision Course,6.0,2016-06-23
514921,52.992,588,"[12, 18, 10749]",The Aeronauts,6.9,2019-11-04
586954,52.89,60,"[12, 16, 35, 10751]",Latte and the Magic Waterstone,6.8,2019-12-11
727404,52.85,4,[27],Vibration,3.1,2020-07-24
291805,52.81,8213,"[28, 35, 53]",Now You See Me 2,6.8,2016-06-02
527641,52.781000000000006,3369,"[18, 10749]",Five Feet Apart,8.3,2019-03-15
381288,52.74,12906,"[27, 53]",Split,7.3,2017-01-09
707886,52.708999999999996,679,"[35, 18, 10402]",Feel the Beat,7.9,2020-06-19
156022,52.693999999999996,6121,"[53, 28, 80]",The Equalizer,7.2,2014-09-24
347969,52.504,901,"[35, 37]",The Ridiculous 6,5.1,2015-12-11
612571,52.422,1,[53],Every Time I Die,9.0,2020-10-21
741279,52.375,0,[],Dear Leo,0.0,2020-10-01
91314,52.361999999999995,5749,"[28, 12, 878]",Transformers: Age of Extinction,5.9,2014-06-25
639250,52.343999999999994,4,"[27, 53]",The Voices,6.3,2020-07-03
433249,52.294,949,[878],IO,4.8,2019-01-18
637969,52.24,9,"[27, 53]",Ravage,5.6,2020-08-14
641483,52.104,12,[35],Holly Slept Over,5.8,2020-03-02
385128,52.082,0,"[28, 53]",F9,0.0,2021-03-31
206647,51.963,7870,"[28, 12, 53]",Spectre,6.5,2015-10-26
708362,51.797,5,"[18, 27]",Murder Manual,3.6,2020-05-24
623958,51.657,23,[53],The Bay of Silence,4.3,2020-08-20
400535,51.519,2027,"[28, 80, 18, 53]",Sicario: Day of the Soldado,6.8,2018-06-27
334521,51.512,704,"[28, 80, 9648]",Free Fire,6.3,2017-03-31
269149,51.433,12196,"[12, 16, 35, 10751]",Zootopia,7.7,2016-02-11
716706,51.431999999999995,60,[35],The Swing of Things,5.6,2020-07-03
430155,51.396,192,"[28, 14, 878]",Coma,6.2,2019-11-19
416194,51.253,342,"[28, 53]",The Quake,6.7,2018-08-31
637920,51.238,3239,"[35, 18, 10751]",Miracle in Cell No. 7,8.3,2019-10-10
535845,51.21,50,[18],Brian Banks,7.0,2019-08-09
345887,51.191,3006,"[28, 80, 53]",The Equalizer 2,6.5,2018-07-19
602411,51.159,23,"[12, 14]",Adventures of Aladdin,4.5,2019-05-14
158015,51.081,6023,"[27, 878, 53]",The Purge,6.2,2013-05-31
254128,51.068000000000005,6153,"[28, 18, 53]",San Andreas,6.2,2015-05-27
504949,50.571999999999996,1680,"[18, 36, 10752]",The King,7.2,2019-10-11
471707,50.555,144,[18],Corpus Christi,7.6,2020-01-09
504562,50.413000000000004,646,"[18, 53]",Motherless Brooklyn,6.8,2019-10-31
138843,50.403999999999996,7496,"[27, 53]",The Conjuring,7.5,2013-03-20
378112,50.332,61,"[16, 10751]",Salma's Big Wish,6.7,2019-10-24
529485,50.331,374,[18],The Way Back,6.7,2020-03-05
260346,50.32,4135,"[28, 53]",Taken 3,6.2,2014-12-16
228150,50.263999999999996,8388,"[10752, 18, 28]",Fury,7.5,2014-10-15
464052,50.262,0,"[28, 12, 14]",Wonder Woman 1984,0.0,2020-12-23
610290,50.26,36,"[10749, 18, 35]",Looks That Kill,6.8,2020-06-19
399360,50.174,1696,"[12, 18]",Alpha,6.3,2018-08-17
672761,50.141999999999996,9,[27],The Candy Witch,5.1,2020-06-04
485811,50.099,136,"[28, 27]",Redcon-1,5.7,2018-09-07
716799,50.04600000000001,0,[18],461 Days of Bento: A Promise Between Father and Son,0.0,2020-11-06
76338,50.043,12469,"[28, 12, 14]",Thor: The Dark World,6.6,2013-10-29
542224,50.013999999999996,661,"[14, 27, 53]",Gretel & Hansel,6.2,2020-01-30
576379,49.95399999999999,25,"[12, 37]",Hell on the Border,5.2,2019-12-13
166426,49.911,8622,"[28, 12, 35, 14]",Pirates of the Caribbean: Dead Men Tell No Tales,6.6,2017-05-23
438590,49.883,667,"[28, 12, 878, 10751]",A-X-L,6.0,2018-08-23
400650,49.595,2380,"[35, 14, 10751]",Mary Poppins Returns,6.5,2018-12-13
656563,49.586000000000006,405,"[35, 18, 10749]",Rich in Love,8.0,2020-04-30
566397,49.54600000000001,23,"[18, 28]",The Man Standing Next,6.7,2020-01-22
744470,49.467,5,[99],Fernando Torres: The Last Symbol,7.6,2020-09-18
554241,49.464,366,"[35, 10751]",Playing with Fire,7.1,2019-11-08
582596,49.361999999999995,583,"[35, 10749]",The Wrong Missy,6.2,2020-05-13
487242,49.323,311,"[28, 16, 878]",Suicide Squad: Hell to Pay,7.1,2018-05-09
76341,49.096000000000004,17021,"[28, 12, 878]",Mad Max: Fury Road,7.5,2015-05-13
635744,48.993,255,[10752],Jarhead: Law of Return,6.6,2019-10-01
515001,48.958,4772,"[35, 18, 10752]",Jojo Rabbit,8.1,2019-10-18
653247,48.931999999999995,69,[16],"Turu, the Wacky Hen",7.4,2020-01-01
82702,48.864,6927,"[28, 12, 16, 35, 14, 10751]",How to Train Your Dragon 2,7.7,2014-06-09
447200,48.843,3316,[28],Skyscraper,6.3,2018-07-11
673174,48.802,135,"[80, 53]",Offering to the Storm,6.4,2020-07-24
429415,48.638000000000005,1187,"[28, 18, 878, 53]",Extinction,6.0,2018-07-26
583132,48.601000000000006,48,[27],Sadako,6.6,2019-05-24
386669,48.598,1,"[99, 10402]",Beyond Barricades,7.0,2020-10-01
240832,48.43,12148,"[28, 878]",Lucy,6.4,2014-07-25
330764,48.402,1064,"[18, 35, 14]",The Brand New Testament,6.7,2015-09-02
628917,48.333,112,[35],An American Pickle,5.7,2020-08-06
576156,48.325,360,"[28, 35, 10749]",The Lovebirds,6.4,2020-05-22
608813,48.257,54,"[28, 80, 18]",In Full Bloom,7.1,2019-06-19
438689,48.218,311,"[80, 53, 10749]",Siberia,5.0,2018-07-13
619278,48.075,121,"[28, 53]",Inside Man: Most Wanted,6.7,2019-09-24
413594,48.059,317,"[28, 12, 16, 14, 878, 10749]",Sword Art Online: The Movie - Ordinal Scale,7.5,2017-02-18
466272,48.05,7355,"[35, 18, 53]",Once Upon a Time… in Hollywood,7.5,2019-07-24
